{
	"partitions" : [
		{
			"name" : "Top",
			"pins" : [
				{
					"name" : "SAD[0]",
					"strict" : false
				},
				{
					"name" : "SAD[1]",
					"strict" : false
				},
				{
					"name" : "SAD[2]",
					"strict" : false
				},
				{
					"name" : "SAD[3]",
					"strict" : false
				},
				{
					"name" : "SAD[4]",
					"strict" : false
				},
				{
					"name" : "SAD[5]",
					"strict" : false
				},
				{
					"name" : "SAD[6]",
					"strict" : false
				},
				{
					"name" : "SAD[7]",
					"strict" : false
				},
				{
					"name" : "SAD[8]",
					"strict" : false
				},
				{
					"name" : "SAD[9]",
					"strict" : false
				},
				{
					"name" : "SAD[10]",
					"strict" : false
				},
				{
					"name" : "SAD[11]",
					"strict" : false
				},
				{
					"name" : "SAD[12]",
					"strict" : false
				},
				{
					"name" : "SAD[13]",
					"strict" : false
				},
				{
					"name" : "SAD[14]",
					"strict" : false
				},
				{
					"name" : "SAD[15]",
					"strict" : false
				},
				{
					"name" : "Clk",
					"strict" : false
				},
				{
					"name" : "Reset",
					"strict" : false
				},
				{
					"name" : "Start",
					"strict" : false
				}
			]
		}
	]
}